Name,County,Chief,Phone,Fax
106 Fire District Association,Kay,Diane Testerman,580-362-2378,999-999-9999
Achille Volunteer Fire Department,Bryan,Ron Sloan,580-920-3792,999-999-9999
Acme Fire Company,Grady,Stanley Pittman,405-222-2339,999-999-9999
ACOG,Oklahoma,Tom McNally,0,999-999-9999
Ada Fire Department,Pontotoc,Marion Harris,580-436-8071,999-999-9999
Adair (Town of),Mayes,Craig Cooper,918-373-2907,999-999-9999
Adair County Fire Service,Adair,Calvin Clay,918-797-8323,999-999-9999
Adair Tri-Community Fire Department,Adair,Robert Unger,918-696-5609,999-999-9999
Adams Rural Fire Protection District,Texas,Bret Bowers,580-253-6515,999-999-9999
Addington Volunteer Fire Department,Jefferson,Jim Breitigan,580-439-2347,999-999-9999
Admin Account,Adair,Admin,000-000-0000,
Afton Fire Department,Ottawa,Bobby Shinn,918-397-5294,999-999-9999
Agra Fire Department,Lincoln,Gerald Pendergraff,918-375-2531,999-999-9999
Airport Road Fire Support Incorporated,Osage,Rodney Wilson,918-336-0071,999-999-9999
Albany Fire Department,Bryan,Daryl Dowd,580-847-2572,999-999-9999
Albion Fire Department Association,Pushmataha,Lula Dighton,918-563-4347,999-999-9999
Alden Fire Department Association,Caddo,Don Epperson,580-654-2081,999-999-9999
Alderson Volunteer Fire Department,Pittsburg,Clem Peppers,918-423-7057,999-999-9999
Alex Fire Department,Grady,Richard Hammons,405-785-2393,999-999-9999
Alfalfa Rural Fire Company,Caddo,Bob Branham,580-637-2316,999-999-9999
Aline Fire Department,Alfalfa,Max Anthony,580-463-2411,999-999-9999
Allen Fire Department,Pontotoc,Jason Ericson,580-559-9879,580-857-2461
Altus Fire Department,Jackson,J R Wheeler,580-481-2231,999-999-9999
Alva Fire Department,Woods,Kirk Trekell,580-327-2317,999-999-9999
Amber Volunteer Fire Department,Grady,Josh Dover,405-535-6129,999-999-9999
Ames Fire Department,Major,Kelly Bisel,580-541-4074,999-999-9999
Amorita-Byron Fire Department,Alfalfa,Bobby Rockenbaugh,580-474-2631,999-999-9999
Anadarko Fire Department,Caddo,Richard Bennett,405-247-3871,999-999-9999
Antelope Creek Rural Fire Company,Osage,John Jones,918-433-2332,999-999-9999
Antlers Fire Department,Pushmataha,Randy Janoe,580-298-0288,999-999-9999
Apache Volunteer Fire Department,Caddo,David Johnson,580-588-2413,999-999-9999
Arapaho Fire Department,Custer,Lynn Maloy,580-323-4376,999-999-9999
Arcadia Volunteer Fire Department,Oklahoma,Doris Hardiman,405-823-9437,999-999-9999
Ardmore Air Park Vol Fire Department,Carter,Dennis Byers,580-389-5454,999-999-9999
Ardmore Fire Department,Carter,JD Spohn,580-221-2550,999-999-9999
Arkoma Fire Department,Le Flore,Dan Upton,918-875-3031,999-999-9999
"Arlington Volunteer Fire Department, Incorporated",Lincoln,Jess Tolleson,405-567-0331,999-999-9999
Arnett Fire Department,Ellis,Jay Boyd,580-938-0551,580-885-7722
"Arrowhead Estates Voluntary Fire Department, Inc.",Pittsburg,Junior Crabtree,918-339-6317,999-999-9999
ASCOG,Stephens,Jim Holland,580-252-0595,999-999-9999
Ash Creek Community Fire Department,Latimer,Dwight Glenn,918-465-5417,999-999-9999
Asher Volunteer Fire Department,Pottawatomie,Jason Sexton,405-784-2242,999-999-9999
Ashland Fire Department,Pittsburg,LL Powell,918-867-2475,999-999-9999
Atoka Co Fire/Safety Association,Atoka,Donnie Allen,580-889-6640,999-999-9999
Atoka Fire Department,Atoka,Donnie Allen,580-889-3341,999-999-9999
Atoka Kiamichi Vo-Tech,Atoka,Jim Kellough,580-889-7321,999-999-9999
Atwood Volunteer Fire Department Inc.,Hughes,Jimmy Lively,580-272-3590,999-999-9999
Avant Fire Department,Osage,Dale Soule,918-263-1717,999-999-9999
Bailey Fire Company,Grady,Kenneth Archer,580-658-6072,999-999-9999
Baker Fire Protection Association,Texas,Allen Mendenhall,580-854-6580,999-999-9999
Balko Fire & Rescue,Beaver,Robert Marshall,580-361-2266,999-999-9999
"Bar-C Rural Fire Department, Inc.",Osage,Shane Stierwalt,918-688-5774,999-999-9999
Barnsdall Fire Department,Osage,BJ Dildine,918-847-2980,999-999-9999
Barnsdall Rural FF Association,Osage,Pete O'Dell,918-847-2463,999-999-9999
Bartlesville Fire Department,Washington,Bob Hasbrook,918-337-5300,999-999-9999
"Basin Volunteer Fire Department, Inc.",Pawnee,Chris Chailer,918-865-3488,918-865-3488
Battiest Volunteer Fire Department Association,McCurtain,Kenny Dial,580-236-1177,999-999-9999
Bearden Fire Department,Okfuskee,Mark Maples,918-623-9213,999-999-9999
Beaver County Civil Emergency Mgmt,Beaver,KD Shook,580-625-3498,999-999-9999
Beaver Fire Department,Beaver,James Pratt,580-625-3331,999-999-9999
Beckham County Fire Department,Beckham,Marvin Stewart,580-928-2457,999-999-9999
Bee/Butcher Pen Fire Department,Johnston,Lillie McQueen,580-371-1603,999-999-9999
Beggs Fire Department,Okmulgee,Rick Mitchell,918-381-3728,999-999-9999
Beggs Rural Fire Association,Okmulgee,Rick Mitchell,918-381-3728,999-999-9999
Bell Rural Fire Department Incorporated,Adair,Morris Jones,918-696-7469,999-999-9999
Bengal Fire Department Assn.,Le Flore,Kevin Vaden,918-753-2248,999-999-9999
Bennington Community Rural Volunteer Fire Departme,Bryan,James Owens,580-775-2164,999-999-9999
Bentley Volunteer Fire District,Atoka,Troy Gammon,580-889-2971,999-999-9999
Berlin Volunteer Fire Association,Roger Mills,Robert Perriman,580-497-7473,999-999-9999
Bernice Fire Department,Delaware,Patrick Beehler,918-256-7777,999-999-9999
Berryhill Fire Protection District,Tulsa,Michael Hall,918-446-1211,918-446-2675
Bessie (Town of) Fire Department,Washita,Keith Javorsky,580-515-4694,999-999-9999
Bethel Acres Fire Department,Pottawatomie,Paul Franetovich,405-275-6481,999-999-9999
Bethel Road Fire Department Assoc,Comanche,Bobby Klein,580-248-9084,999-999-9999
Bethel Vol Fire Dept Association,McCurtain,Charlie Patrick,580-241-7716,999-999-9999
Big 4 Rural Fire District Association,Kingfisher,Darryl Farrow,405-368-3473,999-999-9999
"Big Beaver Fire Department, Inc.",Osage,Kenneth Shieldnight,918-433-2270,999-999-9999
"Big Bend Volunteer Fire Department, Inc.",Osage,Joe Hightower,918-738-4364,999-999-9999
Big Cabin Fire Department,Craig,Glenn Parman,918-346-0875,999-999-9999
Big Cedar Community Association,Le Flore,Darrell Davis,918-651-3414,999-999-9999
Billings Fire Department,Noble,Lee Wagoner,580-725-3571,999-999-9999
Binger Volunteer Fire Department,Caddo,Bobby Warren,405-656-2426,405-656-2404
Bixby Fire Department,Tulsa,Steve Able,918-366-3203,999-999-9999
Black Dog Fire Association,Tulsa,Paul Reeves,918-425-3200,999-999-9999
Blackburn Rural Fire Department,Pawnee,Brian Donnelly,918-538-2390,999-999-9999
Blackgum Mountain Civil Defense and Vol Fire Dept,Sequoyah,Troy Pack,918-773-8619,999-999-9999
Blackland Fire Corportation,Osage,Danny Carpenter,918-287-3715,999-999-9999
Blackwell Fire Department,Kay,Dirk Seabridge,580-363-5490,580-363-7217
Blair Fire Department,Jackson,Dennis Davis,580-563-2406,999-999-9999
Blanchard Volunteer Fire Department,McClain,Sid Rieger,405-485-3939,999-999-9999
Blanco Fire Department,Pittsburg,William Johnson,580-432-5961,999-999-9999
Blue Volunteer Fire Association,Pittsburg,Ryan Dalley,918-669-7237,999-999-9999
Bluejacket Vol Fire Department,Craig,Sonny Winfrey,918-784-2243,999-999-9999
Bluestem Girl Scout Council,Osage,Wade Duboy,918-336-0905,999-999-9999
"Bluff Fire Department, Inc.",Choctaw,Robert Handleman,580-345-2717,999-999-9999
Boise City Volunteer Fire Department,Cimarron,Tim Baird,580-544-3340,999-999-9999
Bokchito Fire Department,Bryan,Melissa Scott,580-295-3775,999-999-9999
Bokoshe Volunteer Fire Department Association,Le Flore,John Hopson,918-969-2393,999-999-9999
Boley Fire Department,Okfuskee,Archille Gunn,405-650-8374,999-999-9999
Boswell Fire Department,Choctaw,Kevin Springfield,580-566-2211,999-999-9999
"Boulanger Rural Fire Department, Inc.",Osage,Joe Kirchner,918-349-2252,999-999-9999
Bowlegs Volunteer Fire Department,Seminole,Charles Presley,405-398-3145,405-398-3145
Bowlin Springs Fire Protection Association,Craig,Charles Bowlin,918-256-3062,999-999-9999
Boynton Fire Department,Muskogee,Scott McClain,918-260-7857,999-999-9999
Bradley Fire Department,Grady,David Smith,405-462-7472,999-999-9999
Braggs Volunteer Fire Department,Muskogee,George Chandler,918-487-5952,999-999-9999
Braman Fire Department,Kay,Carl Tanner,580-385-2477,999-999-9999
Bray Volunteer Fire Department,Stephens,Bennie Whayley,580-658-3978,999-999-9999
Breckenridge (Town of) Fire Department,Garfield,Darrin Nickel,580-446-5554,999-999-9999
"Brent Rural Fire District, Inc.",Sequoyah,Darrell Vix,918-775-5757,999-999-9999
Bridge Creek Fire Protection District,Grady,Raymond Howell,405-550-0660,999-999-9999
Bristow Fire Department,Creek,Gary Brooks,918-367-3415,999-999-9999
Bristow Point Volunteer Firefighters Association,Pittsburg,Gary Brooks,918-823-4562,999-999-9999
Broken Arrow Fire Department,Tulsa,Dennis McIntyre,918-259-8397,999-999-9999
Broken Bow Fire Department,McCurtain,Roger Ross,580-584-3400,999-999-9999
Bromide Fire Department,Johnston,Floyd Ross,580-638-2454,999-999-9999
Brooken Volunteer Fire Department,Haskell,Frank DeShazo,918-799-5228,999-999-9999
Brooksville Volunteer Fire Department Corporation,Pottawatomie,Charles Carthen,405-598-6175,999-999-9999
Broxton Fire Department Company Association,Caddo,Steve Evans,405-643-2023,999-999-9999
Brushy Mountain Vol Fire Department,Muskogee,Steve Lowrimore,918-682-4445,999-999-9999
Brushy Mtn/Sequoyah Co Fire Dept,Sequoyah,Bobby Caughman,918-315-1598,999-999-9999
"Buckcreek Rural Fire Department, Inc.",Osage,Clinton Thompson,918-566-2260,999-999-9999
"Buckhorn Vol Fire Department, Inc.",Muskogee,Clayton Webb,918-989-5581,999-999-9999
Buffalo Valley Vol Fire Department,Latimer,Larry Kennedy,918-522-4459,999-999-9999
Buffalo Volunteer Fire Department,Harper,Gaylon Love,580-735-2521,999-999-9999
"Bugtussle Volunteer Fire Department, Inc.",Pittsburg,Bryan Fuller,918-429-6116,999-999-9999
Buncombe Creek Volunteer Fire Department,Marshall,Jeff Vitte,580-564-4211,999-999-9999
Burbank Rural Firefighters Incorporated,Osage,Dave Jacques,918-648-5256,999-999-9999
Burbank Volunteer Fire Department,Osage,Les Kennedy,918-648-5375,999-999-9999
Burlington Fire Department,Alfalfa,Robert Hyde,580-431-2550,999-999-9999
Burns Flat/Clinton Sherman Volunteer Fire Departme,Washita,Thomas Gillham,580-562-3144,999-999-9999
Butler Fire Department,Custer,Scott Powell,580-515-5869,999-999-9999
Butler Volunteer Fire Department Inc,Delaware,Randy Prins,918-787-5555,999-999-9999
Byars Fire Department,McClain,Dwight McCullar,405-783-4449,999-999-9999
Byng Fire Department,Pontotoc,Chris McGill,580-436-2545,999-999-9999
Cabin Creek Fire District,Mayes,Jason Miller,918-782-1039,999-999-9999
Cache Volunteer Fire Department,Comanche,Dale Winham,580-353-3947,999-999-9999
Caddo County Civil Defense,Caddo,Lester Rudisill,405-247-3871,999-999-9999
Caddo Fire District,Bryan,Todd Miller,580-367-2258,999-999-9999
Caddo Indian Tribe of Oklahoma,Caddo,Bill Ware,405-656-2559,999-999-9999
Cairo Vol Fire Department Association,Coal,Rodger Wilson,580-927-5329,999-999-9999
Calera Fire-Rescue,Bryan,Kevin Carlton,33.907704,580434-5310
Calumet Rural Fire Protection,Canadian,Randy Mead,405-203-4859,999-999-9999
Calvin Volunteer Fire Department,Hughes,Russell,405-645-2356,405-645-2405
Camargo Fire Department,Dewey,Roger Robinson,580-216-0029,999-999-9999
Canadian Shores Volunteer Fire Department,Pittsburg,Donald Cathey JR.,918-823-4444,918-8234645
Canadian Valley/Cedar Lake Inc,Canadian,Dave Stagner,405-202-4308,999-999-9999
Canadian Vol Fire Department,Pittsburg,Vess Neill,918-339-2772,999-999-9999
Caney Fire Department,Atoka,Mike Harkey,580-889-9785,999-999-9999
Cannibalized,McClain,Jim Pitts,405-288-2385,999-999-9999
Canton Volunteer Fire Department,Blaine,Charles Gilchrist,580-886-2540,999-999-9999
Canute Fire Department,Washita,Jeremy Warnke,580-472-3111,999-999-9999
Capron Fire Department,Woods,Luke Gagnon,580-829-1101,999-999-9999
Cardinal Cove Volunteer Fire Department,Marshall,Dean Wise,580-564-4310,999-999-9999
Carmen Fire Department,Alfalfa,Bud Jackson,580-987-2479,999-999-9999
Carnegie Fire Department,Caddo,P.K. Hurt,580-654-2251,999-999-9999
Carney Fire Department,Lincoln,Greg Wilson,405-865-2380,999-999-9999
Carselowey Community Volunteer Fire Department,Craig,Ronnie Powell,918-782-3878,999-999-9999
Carter Volunteer Fire Department,Beckham,Joe Gordon,580-799-0152,999-999-9999
"Cartwright Volunteer Fire Department, Inc.",Bryan,Jeff Christman,580-965-4477,999-999-9999
Cashion Fire Department,Kingfisher,John Davis,405-433-2058,999-999-9999
Catesby Firefighters Association,Ellis,Justin Hiner,580-938-1566,999-999-9999
Catoosa (City of) Fire Department,Rogers,Denus Benton,918-266-2505,999-999-9999
Cedar Blue Volunteer Fire Protection,Murray,David Kinman,405-488-7089,999-999-9999
Cedar Country Vol Fire Dept Assoc,Cleveland,Roger Wickey,405-517-1053,999-999-9999
Cedar Country vol Fire Dept Assoc,Cleveland,Harlen Fipps,405-899-4122,405-899-6255
Cedar Lake VFD,Canadian,Judy Soos,405-250-6689,405-721-0753
Cement Volunteer Fire Department,Caddo,Steve Miller,405-489-3814,999-999-9999
Center Vol Fire Department Inc,Pontotoc,Shawn Horton,580-421-8188,999-999-9999
Centrahoma Fire District,Coal,Mark Chamberlin,580-845-2664,999-999-9999
Central High Vol Fire Department,Sequoyah,Barry Orendorff,918-775-0169,999-999-9999
Central High Vol Firefighters Assoc,Stephens,Dan Eberhart,580-255-1663,999-999-9999
Centralia Volunteer Fire Company,Craig,Shawn Christan,918-256-7571,999-999-9999
Chance Volunteer Fire Department,Adair,Joe Bateman,918-930-0701,999-999-9999
Chandler Fire Department,Lincoln,Bobby Johnson,405-258-3217,999-999-9999
Chattanooga Fire Department,Comanche,Jack Nicholson,580-597-3390,999-999-9999
Checotah Vol Fire Department,McIntosh,Ike Webster,918-473-5411,999-999-9999
Chelsea Fire Department,Rogers,Matthew Fraley,918-855-4193,999-999-9999
Cherokee County Civil Defense,Cherokee,Gary Dotson,918-456-2424,999-999-9999
Cherokee Fire Department,Alfalfa,Kevin Lingemann,580-596-2413,999-999-9999
Cherokee Landing State Park,Cherokee,Randy Folks,918-457-5716,999-999-9999
Cheyenne Fire Department,Roger Mills,Wes Pratt,580-497-2455,999-999-9999
Chickasha Fire Department,Grady,Michael Brice,405-224-5474,999-999-9999
Chicken Creek Fire Department,Cherokee,Tom Pope,479-651-2606,999-999-9999
Chimney Rock Fire Department,Mayes,Lewis Cunningham,918-479-5317,999-999-9999
Choctaw Fire Department,Oklahoma,Loren Bumgarner,405-390-8300,999-999-9999
Chouteau Fire Department,Mayes,Ted Key,918-476-5526,999-999-9999
Christie Volunteer Fire Association,Adair,Joe Leak,918-797-0339,999-999-9999
Claremore Fire Department,Rogers,Mark Dowler,918-341-1477,999-999-9999
Claremore/Rogers Civil Defense,Rogers,Bob Anderson,918-341-4233,999-999-9999
Clarita Volunteer Fire Department,Coal,Frank Williams,580-428-3517,999-999-9999
Claypool Volunteer Fire Department,Jefferson,Jerry Smith,580-228-2648,999-999-9999
Clayton Fire Department,Pushmataha,Tony Macon,918-569-4173,999-999-9999
Clear Creek Fire Department Inc,Osage,Tim Drummond,918-287-2061,999-999-9999
Cleo Springs Fire Department,Major,Allen Cox,580-438-2243,999-999-9999
Cleora Community Fire Department,Delaware,James Trask,918-782-3650,999-999-9999
Cleveland Fire Department,Pawnee,Ryan Murray,918-358-3112,918-358-3454
Clinton Fire Department,Custer,Wade Anders,580-323-2298,999-999-9999
Clinton Sherman Fire Department,Washita,Phillip Lile,580-562-3324,999-999-9999
"Cloud Chief Fire Department, Inc",Washita,Nacona Cook,580-515-9359,999-999-9999
Cloudy Volunteer Fire Department,Pushmataha,Mark Baze,580-587-2505,999-999-9999
Coalgate Fire Department,Coal,David Holt,580-927-3913,999-999-9999
COEDD,Pottawatomie,Paul Simpson,405-273-6410,999-999-9999
Cogar Community Fire Dept Assoc,Caddo,Jarrett McRee,405-352-4484,999-999-9999
Colbert Fire Department,Bryan,Wade Jackson,580-296-2560,999-999-9999
Colcord Fire Department,Delaware,Kyle Nichols,479-736-9947,999-999-9999
Cole Volunteer Fire Department,McClain,Rodney Edwards,405-625-7676,999-999-9999
Coleman Fire Department,Johnston,Fred Raines,580-937-4648,999-999-9999
Collinsville City Fire Department,Tulsa,Russell Young,918-371-1020,999-999-9999
Collinsville Rural Fire Department,Tulsa,Jimmy Wilson,918-371-4854,918-371-4854
Colony Fire Department,Washita,Brandon Smith,405-929-7320,999-999-9999
Comanche County Civil Defense,Comanche,Clinton Wagstaff,580-355-0535,999-999-9999
Comanche Fire Department,Comanche,David Coder,580-439-2211,999-999-9999
Commerce Vol Fire Department,Ottawa,Jeff McDonald,918-675-4372,999-999-9999
Con-8 Volunteer Fire Department,Kiowa,Brad Webb,580-318-1114,999-999-9999
Connerville Fire Department,Johnston,Bruce Woods,580-836-7881,999-999-9999
Cookson School Fire Department,Adair,Tim Knight,918-207-7400,999-999-9999
Cookson Volunteer Fire Department,Cherokee,Tim Knight,918-207-7600,999-999-9999
Cooperton Vol Fire Department,Kiowa,J. Todd Buchanan,580-318-3305,999-999-9999
Copan Fire Department,Washington,Buck Lemmons,918-532-5571,999-999-9999
Cordell Fire Department,Washita,Seth Slaughterback,580-832-3449,580-832-3449
Corn Fire Department,Washita,Randy Epp,580-343-2333,999-999-9999
Corum Volunteer Fire Department,Cotton,Ron Gather,580-656-6892,999-999-9999
Council Hill Fire Department,Muskogee,Jarrod Zigler,918-855-9279,999-999-9999
Country Corner Fire Company,Osage,Jim Massey,918-288-2205,999-999-9999
Courtney Community Vol Fire Dep.,Love,Dewayne McCarty,580-276-4752,999-999-9999
Cove Acres Vol Fire Department,Comanche,Matt Eccles,580-704-6478,866-402-7804
Covington Fire Department,Garfield,Terry Reinhardt,580-864-7828,999-999-9999
Coweta Fire Department,Wagoner,Craig Hinton,918-486-5610,999-999-9999
Cowlington Vol Fire Department,Le Flore,Mike Alexander,918-774-7758,999-999-9999
Cowskin Rural Fire District,Delaware,Monty Hackler,918-786-8207,999-999-9999
Cox City Volunteer Fire Department,Grady,Boyd Pendley,405-222-2339,999-999-9999
Cox's Store Vol Fire Department,Comanche,Al Dreves,580-355-5957,999-999-9999
Coyle Fire Department,Logan,Mike Galbraith,405-246-8053,999-999-9999
Craig County Fire Service,Craig,Roy Bible,918-256-5487,999-999-9999
Cravens Volunteer Fire Department,Latimer,Norman Hughes,918-465-2831,999-999-9999
Crescent Fire Department,Logan,Raymond Farrar,405-969-3070,999-999-9999
Criner Hills Vol Fire Department,Love,Charles Campbell,580-223-9758,999-999-9999
Cromwell Vol Fire Department,Seminole,Chris Aldridge,405-944-5432,999-999-9999
Crow Roost Rural Vol Fire Department,Caddo,Paul Johnson,405-643-2715,999-999-9999
Crowder Fire Department,Pittsburg,Gary Brooks,918-334-6200,999-999-9999
Crystal Volunteer Fire Department,Atoka,Tim Hyatt,580-889-6853,999-999-9999
Cushing Fire Department,Payne,Brent Kerr,918-225-3361,999-999-9999
Custer City Fire Department,Custer,John Collier,580-593-2326,999-999-9999
Cyril Fire Department,Caddo,Gerard Dodson,580-464-2411,580-464-2205
Dacoma Volunteer Fire Department,Woods,Mark Denton,580-327-7445,999-999-9999
Daisy Volunteer Fire Department,Atoka,Tommy Glover,580-239-2634,999-999-9999
Dale Township Fire District,Kay,Brett Stephens,580-362-2511,999-999-9999
Darwin Volunteer Fire Department,Pushmataha,Dean Stapleton,580-326-6486,999-999-9999
Davenport Vol Fire Department,Lincoln,Richard Bailey,918-377-2977,999-999-9999
Davidson Vol Fire Department,Tillman,Gary Sparks,580-568-2600,999-999-9999
Davis Fire Department,Murray,Robert Bolding Rogers,580-369-1599,999-999-9999
Deep Fork National Wildlife Refuge,Okmulgee,Darin Unruh,918-756-0815,999-999-9999
Deer Creek Fire Department,Oklahoma,Doug McWilliams,405-830-7139,999-999-9999
Deer Creek Vol Fire Department,Grant,Jonathan Harrold,580-267-3228,999-999-9999
Del City Fire Department,Oklahoma,Jim Hock,405-671-2890,405-671-3012
Delaware County Civil Defense,Delaware,Robert Real,918-253-8085,999-999-9999
Delaware County Fire Service,Delaware,Kenny Crowder,918-786-9774,999-999-9999
Delaware Fire Department,Nowata,Roger Smith,918-467-3218,999-999-9999
Delhi Rural Fire Department,Beckham,Bandy Silk,580-729-0740,999-999-9999
Denoya Firefighters,Osage,Jim Jacques,918-793-7031,999-999-9999
Department of Environmental Quality,Oklahoma,Diana Hinson,000-000-0000,405-702-4101
Depew Volunteer Fire Department,Creek,Jason Cooper,918-324-5251,999-999-9999
Devol Volunteer Fire Department,Cotton,Bryan W. Harrison,580-281-0113,999-999-9999
Dewar Fire Department,Okmulgee,George Powell,918-652-4042,999-999-9999
Dewey Fire Department,Washington,Tom Smith,918-534-2272,999-999-9999
Diamond Head-Lone Chapel Fire Dept,Mayes,Frank Kotoff,918-785-2556,999-999-9999
Dibble Volunteer Fire Department,McClain,Ronnie Poe,405-344-9330,405-344-9330
Dickson Fire Department,Carter,Troy Duke,580-226-1276,999-999-9999
Dill City Fire Department,Washita,Mitchell Harbuck,580-674-3376,999-999-9999
Dillard Community Rural Fire Dept,Carter,Richard Delano,580-220-2644,999-999-9999
Disney Fire Department,Mayes,Tony Vancleave,918-937-2218,999-999-9999
Dougherty Fire Department,Murray,John Hale,580-993-2213,999-999-9999
Douglas Volunteer Fire Department,Garfield,Mike Belcher,580-862-7702,999-999-9999
Dover Fire Department,Kingfisher,Bobby Gardner,405-828-7283,999-999-9999
Doyle Vol Fire Department Association,Stephens,Judd Newby,580-432-5400,999-999-9999
Drum Creek Vol Fire Department Inc,Osage,J Berry Harrison,580-765-6922,999-999-9999
Drummond Fire Department,Garfield,Danny Vasquez,580-493-2486,999-999-9999
Drumright Fire Department,Creek,Brett M. Lunsford,918-352-2251,918-352-9496
Duke Volunteer Fire Department,Jackson,Drew Darby,580-679-3543,580-679-3543
Duncan Fire Department,Stephens,Larry Sullins,580-252-0250,999-999-9999
Durant Fire Department,Bryan,Steve Dow,580-924-2358,999-999-9999
Dustin Fire Department,Hughes,Tony Brown,918-656-3527,999-999-9999
Eagle City Fire District,Blaine,Mathew Thompson,580-819-1419,999-999-9999
Eagletown Volunteer Fire Department,McCurtain,Mark Hannah,580-835-2550,999-999-9999
Eakly Fire Department,Caddo,Mike King,405-797-3605,999-999-9999
Earlsboro Fire Department,Pottawatomie,Shad Rawls,405-997-5560,999-999-9999
East Central Area,Latimer,Chris Parrington,918-465-2082,999-999-9999
Eastman Community Vol Fire Dept,Love,Charles Willis,580-276-2855,999-999-9999
Eastside Fire Department,Love,Wayne Cochran,580-238-8246,999-999-9999
Edgewater Park Fire Department,Comanche,Herman Fehring,580-588-2549,999-999-9999
Edmond Fire Department,Oklahoma,Jake Rhoades,405-216-7304,405-216-7301
El Reno Fire Department,Canadian,Kent Lagaly,405-262-2949,999-999-9999
Eldorado Fire Department,Jackson,Kevin Hill,580-471-8038,5806332773
Elgin Volunteer Fire Department,Comanche,Mike Baker,580-512-7014,999-999-9999
Elk City Fire Department,Beckham,Rick Shelton,580-225-0500,999-999-9999
Elm Creek Rural Fire Company,Osage,Lee Briggs,918-722-4241,999-999-9999
Elm Point Fire Department,Pittsburg,Dale Mason,918-423-0549,999-999-9999
Elmer Rural Vol Fire Association,Jackson,Ken Butler,580-687-4359,999-999-9999
Elmore City Vol Fire Department,Garvin,Eddie Stewart,580-788-4419,999-999-9999
Elmwood Firefighters Incorporated,Beaver,Troy Hoover,580-658-2202,999-999-9999
Empire City Fire Department,Stephens,Ricky Hyde,580-251-5597,999-999-9999
Enos Fire District,Marshall,William Macon,580-564-2879,999-999-9999
Enville Fire Department,Love,Terry Birks,580-276-4030,999-999-9999
EODD,Wagoner,Ernie Moore,918-682-7891,999-999-9999
Erick Fire Department,Beckham,Pat West,580-526-3924,999-999-9999
Eucha Volunteer Firefighters,Delaware,John Campbell,918-253-6685,999-999-9999
Eufaula Volunteer Fire Department,McIntosh,Mark Gideon,918-689-2534,999-999-9999
FAIC Fire Department,McIntosh,Carolyn Bowen,918-490-0248,999-999-9999
Fairfax Volunteer Fire Department,Osage,Todd Kelly,918-638-6419,999-999-9999
Fairland Fire Department,Ottawa,Bill Lunsford,918-676-3612,999-999-9999
Fairmont Volunteer Fire Department,Garfield,Michael Burwell,580-358-2229,999-999-9999
Fairview Fire Department,Major,Gregory Harmon,580-227-4444,999-999-9999
Falconhead Vol Fire Department,Love,Kevin Frazier,580-276-3157,999-999-9999
Fallis Fire Department,Lincoln,Sandy Hooker,405-356-0055,999-999-9999
Fanshawe Fire Department,Le Flore,Rusty Herren,918-659-2300,999-999-9999
Fargo Fire Department,Ellis,Mickey Thomas,580-698-2434,999-999-9999
Farris Volunteer Fire Department,Atoka,Stacy Butler,580-889-0687,999-999-9999
Farwell Station of Grady County,Grady,Justin Wenzel,405-222-2339,999-999-9999
Felt Fire Department,Cimarron,Daryl McDaniel,580-426-2256,999-999-9999
Finley Fire Department,Pushmataha,Joe Young,580-298-5460,999-999-9999
First Come,McClain,Jim Pitts,405-288-2385,999-999-9999
Fittstown Fire District,Pontotoc,Randall Phillips,580-777-2202,999-999-9999
Fitzhugh Fire Department,Pontotoc,Justin Roberts,580-332-8233,999-999-9999
Flat Rock Vol Fire Association,Wagoner,Greg Bradshaw,918-373-0321,999-999-9999
Fletcher Volunteer Fire Department,Comanche,Stanley Miller,580-510-2200,999-999-9999
Flint Ridge Vol Fire Department,Delaware,Glenn Reid,918-597-2364,999-999-9999
Flower Mound Vol Fire Department Inc,Comanche,Josh Sullivan,580-355-8523,999-999-9999
Fly Inn Resort II,Caddo,Carrol Reddick,580-637-2218,999-999-9999
Foraker Volunteer Fire Department,Osage,James Caldren,918-433-4261,999-999-9999
Forest Park Fire Department,Oklahoma,Chuck Blair,405-823-2728,999-999-9999
Forgan Fire Department,Beaver,Eldon Eagan,580-487-3565,999-999-9999
Fort Cobb Fire Department,Caddo,Ted Clift,405-643-2125,999-999-9999
Fort Coffee Volunteer Fire Department,Le Flore,Michael Walker,918-962-4242,999-999-9999
Fort Gibson Fire Department,Muskogee,Larry Cooper,918-478-4221,999-999-9999
Fort Supply Fire Department,Woodward,Michael Pettey,580-216-1685,999-999-9999
Fort Towson Fire Department,Choctaw,Athelta Hopkins,580-873-9294,999-999-9999
Foss Fire Department,Washita,Darren Murray,580-821-2907,999-999-9999
Fox Graham Vol Fire Department,Carter,Rudy Stewart,580-673-2029,999-999-9999
Foyil Fire Protection District,Rogers,Randy Atchley,918-789-3372,999-999-9999
Francis Fire Department,Pontotoc,Derrell Phillips,580-332-6295,999-999-9999
Frankfort Rural Fire Company,Osage,Francis Murphy,918-433-2251,999-999-9999
Frederick Fire Department,Tillman,Tracy Newman,580-335-2172,580-335-2173
Freedom Fire Department,Woods,Kevin Wares,580-621-3592,999-999-9999
Freedom Hill Fire Department,Creek,Kevin Smythe,918-352-3971,999-999-9999
Freeny Valley Firefighters Association,Bryan,DON SINGLETON,580-775-4499,999-999-9999
Friend Fire Company,Grady,Richard Van Dyck,405-222-2339,999-999-9999
Friendship Volunteer Fire Department,Jackson,Marty Clinton,580-481-8211,999-999-9999
Frontier Fire District Association,Osage,John Matthewson,918-354-2365,999-999-9999
Gage Fire Department,Ellis,Leon Woods,580-923-7727,999-999-9999
Gaines Creek Vol Fire Department,Pittsburg,Walter Phelps,918-426-4999,999-999-9999
Gans Volunteer Fire Department,Sequoyah,Brent Haggard,918-775-3624,999-999-9999
Garber Fire Department,Garfield,Reese Wedel,580-863-2817,999-999-9999
Garvin Volunteer Fire Department,McCurtain,David Rodgers,580-286-2250,999-999-9999
Gate Fire Department,Beaver,Thomas Heglin,580-934-3471,999-999-9999
Geary Fire Department,Blaine,Pat Bingham,405-884-2923,999-999-9999
Gene Autry Fire Department,Carter,Don Morgan,580-294-3173,999-999-9999
Geronimo Fire Department,Comanche,Norman Leveille,580-353-5511,999-999-9999
Gerty VFD,Hughes,Sheldon Tatum,580-399-5547,580-8923899
GGEDA,Craig,Melvin Mashburn,918-783-5793,999-999-9999
Gideon Vounteer Fire Department,Cherokee,Marty Kimbell,918-456-4052,999-999-9999
Glencoe Fire Department,Payne,Randy Clark,580-669-2623,999-999-9999
Glenpool Fire Department,Tulsa,Paul Newton,918-322-2172,999-999-9999
Goldsby Rural Fire Department,McClain,Brad Curry,405-288-6675,999-999-9999
Goltry Fire Department,Alfalfa,Vernon Sanders,580-496-2482,999-999-9999
Goodwell Fire Department,Texas,Levi Bickford,580-651-3738,999-999-9999
Gooseneck Bend Fire Department,Muskogee,Mike Hayes,918-682-0327,999-999-9999
Gore Fire Department,Sequoyah,Clay Cunningham,918-440-4974,999-999-9999
Gotebo Fire Department,Kiowa,Michael Dooley,580-538-5351,999-999-9999
Gould Volunteer Fire Department,Harmon,Darrin Miranda,580-633-2793,999-999-9999
Gracemont Fire Department,Caddo,Mike Brower,405-966-2201,999-999-9999
Grady County Civil Defense,Grady,Dale Thompson,405-222-2339,999-999-9999
Grady County Fire Service,Grady,Dale Thompson,405-222-2339,999-999-9999
Grainola Volunteer Fire Department,Osage,Charles Johnston,918-433-2391,999-999-9999
Grandfield Volunteer Fire Department,Tillman,Frank Watson,580-479-5215,999-999-9999
Granite Fire Department,Greer,James Haynes,580-535-2116,999-999-9999
Grant Vol Fire Department,Choctaw,Martina Pullia,580-326-7995,999-999-9999
Grayhorse Fire Protection Incorporated,Osage,Gary Kliesen,918-642-5366,999-999-9999
Grayson Volunteer Fire Department,Okmulgee,Leon Anderson,918-906-6299,999-999-9999
Greasy Bend Fire Department Inc,Atoka,Larry Mansell,580-346-7721,999-999-9999
Greasy Community Fire Association,Adair,Jody Fletcher,918-696-2790,999-999-9999
Green Acres Vol Fire Department,Caddo,Coy Green,405-966-2329,999-999-9999
Green Country Estates Vol Fire Dept,Osage,William Childress,918-241-7204,999-999-9999
Greenfield Volunteer Fire Department,Blaine,Chad Scheihing,405-719-0571,999-999-9999
Greenleaf Rural Fire Department,Woods,Jeff McOsker,580-327-3021,999-999-9999
Greenville Fire Department,Love,Jack Kirk,580-276-5283,999-999-9999
Griggs Rural Fire Protection,Cimarron,Donnie Cook,580-546-7555,999-999-9999
Grove Fire Department,Delaware,Lee Dollarhide,918-786-4961,999-999-9999
Guthrie Fire Department,Logan,Lester Branch,405-282-4433,999-999-9999
Guymon Fire Department,Texas,Dean McFadden,580-338-5536,580-468-4441
Haileyville Vol Fire Department,Pittsburg,Terry Sensibaugh,918-297-2267,999-999-9999
Hall Volunteer Fire Department,Pushmataha,Danny Gregs,580-583-6224,999-999-9999
Hammon Fire Department,Roger Mills,Donny Parker,580-473-2281,999-999-9999
Hammsville Fire Department,Tillman,Edgar Hamm,580-335-2892,999-999-9999
Hanna Area Fire Department,McIntosh,Donald Berryhill,918-657-2415,999-999-9999
Happyland Firefighters Association,Pontotoc,Claude Bess,580-320-2911,999-999-9999
Hardesty Fire Department,Texas,Jared Richards,580-651-9583,999-999-9999
Harmon Community Firefighters,Ellis,Rocky West,580-939-2462,999-999-9999
Harmon County Fire District,Harmon,Gary Randall,580-688-3658,999-999-9999
Harmony Fire Department,Atoka,Cecil Mackey,580-239-0711,999-999-9999
Harold Station of Grady County,Grady,Doug Meeks,405-352-4649,999-999-9999
Harrah Fire Department,Oklahoma,Merel Coleman,405-454-2111,999-999-9999
Hartshorne Vol Fire Department,Pittsburg,David Mass,918-297-2544,999-999-9999
Haskell County Emergency Mgmt,Haskell,John Berryman,918-967-4488,999-999-9999
Haskell County EOC,Haskell,Willard Timmons,918-967-4488,999-999-9999
Haskell Volunteer Fire Department,Muskogee,Johnny Masterson,918-482-3933,999-999-9999
Hastings Volunteer Fire Department,Jefferson,Ronnie Bohot,580-963-2441,999-999-9999
Hauani Creek Fire Department,Marshall,Wes Saxon,580-795-4806,999-999-9999
Haw Creek Rural Fire Department,Le Flore,Don Heavener,918-653-2120,999-999-9999
Hawley Rural Fire District Association,Grant,Gary Lillie,580-839-2480,999-999-9999
Haworth Volunteer Fire Department,McCurtain,Floyd Middleton,580-245-2258,999-999-9999
Haydonville Rural Fire Dept Association,Okfuskee,Greg Scott,,999-999-9999
Haywood/Arpelar Fire Department,Pittsburg,Kenneth Eubanks,918-423-0249,999-999-9999
Headrick Volunteer Fire Department,Jackson,Jason Finch,580-301-2905,999-999-9999
Healdton Fire Department,Carter,Deon Rich,580-656-1419,999-999-9999
Heavener Fire Department,Le Flore,Brad Morris,918-653-2222,999-999-9999
Helena Volunteer Fire Department,Alfalfa,Donnie French,580-852-3250,999-999-9999
Hennepin Fire District,Garvin,Jeff Doss,589-369-8764,999-999-9999
Hennessey Volunteer Fire Department,Kingfisher,Bert Gritz,580-758-3269,999-999-9999
Henryetta Fire Department,Okmulgee,Raymond Eldridge,918-652-7102,999-999-9999
Hester Rural Vol Fire Association,Greer,David Kirby,580-782-5139,999-999-9999
Hickory Grove Fire Department,Delaware,Terry Larey,918-314-0274,999-999-9999
Hickory Hill Fire Department Inc,Osage,Mike Littlepage,918-338-0806,999-999-9999
Hickory Hills Vol Fire Department,Oklahoma,Mike Helems,405-820-4649,999-999-9999
Hickory Volunteer Fire Department,Murray,David Byers,580-622-2167,999-999-9999
Higgins Fire Department,Latimer,Clark Kitchell,918-297-7239,999-999-9999
High Hill Volunteer Fire Association,Pittsburg,Paulette Norris,918-426-3029,999-999-9999
High Plains Institute of Technology,Woodward,Mark Christiansen,580-256-6618,999-999-9999
Highway #9 Volunteer Fire Department,Pittsburg,Danny Choat,918-452-3763,999-999-9999
Highway 100 West Fire Protection Assn,Adair,Brad Peck,918-575-5130,999-999-9999
Highway 51 West Rural Fire Department,Adair,Joe Dugger,918-696-2200,999-999-9999
Hillsdale Fire District,Garfield,Charles Welker,580-635-2334,999-999-9999
Hinton Volunteer Fire Department,Caddo,Toby Brookshire,405-542-6515,999-999-9999
Hitchcock Fire Department,Blaine,Perry Scheffler,580-825-3226,999-999-9999
Hitchita Volunteer Fire Department,McIntosh,Bobby Parsons,918-759-7465,999-999-9999
Hobart Fire Department,Kiowa,Jerry Lankford,580-726-5237,999-999-9999
Hochatown Fire Department Assoc,McCurtain,James Dowty,580-236-1991,999-999-9999
Hodgen Volunteer Fire Department,Le Flore,Jon Mead,918-653-7165,999-999-9999
Hoffman Volunteer Fire Department,Okmulgee,Dude Burney,918-652-2280,999-999-9999
Hog Eye Volunteer Fire Department,Le Flore,Ronbert Bennett,918-654-3267,999-999-9999
Holdenville Fire Department,Hughes,Tim McConnell,405-379-2413,999-999-9999
Hollis Fire Department,Harmon,Bob Jefferson,580-471-3241,999-999-9999
Hollister Vol Firefighters Association,Tillman,Skeet Sjolander,580-335-5593,999-999-9999
Holly Creek-Oak Hill Fire Department,McCurtain,Charles Greenlee,580-420-7047,999-999-9999
Homer Fire Department,Pontotoc,Gary Mankin,580-421-9362,999-999-9999
Hominy Fire Department,Osage,Roger Whited,918-885-2328,918-885-6620
Hominy Ranchers Rural Fire Dept Inc,Osage,James Wilcox,918-885-6414,999-999-9999
Honobia Rural Fire Department,Le Flore,John Clawson,918-755-4488,999-999-9999
Hooker Fire Department,Texas,Robbie Wayman,580-652-2885,999-999-9999
Hopewell Comm Firefighters Assoc,Atoka,Billy Smith,580-937-4858,999-999-9999
Horntown Rural Fire District,Hughes,Phillip Lee,405-379-2959,999-999-9999
Howe Fire Department,Le Flore,William Frizzell,918-658-2459,999-999-9999
Hoyt Volunteer Fire Department,Haskell,Don Pearson,918-967-8025,999-999-9999
Hugo Fire Department,Choctaw,Larry Lee,580-326-5616,999-999-9999
Hulah Volunteer Fire Department,Osage,John Strom,918-532-4453,999-999-9999
Hulbert Fire Department,Cherokee,Mark Graham,918-772-2932,999-999-9999
Hulen Vol Fire Department Inc Assoc,Comanche,Heith Renschen,580-251-3768,999-999-9999
Hunter Volunteeer Fire Department,Garfield,Dale Chain Jr,580-388-6606,999-999-9999
Hydro Volunteer Fire Department,Caddo,Nolan Schmidt,405-663-2531,999-999-9999
Idabel Fire Department,McCurtain,Andrew Young,580-286-3704,999-999-9999
Illinois River Area Assn Fire Department,Cherokee,Mac Martin,918-453-1263,999-999-9999
INCOG,Tulsa,Dale Block,918-579-9422,999-999-9999
Indiahoma Volunteer Fire Department,Comanche,Chris Jones,580-351-7712,580-246-3355
Indianola Fire Department,Pittsburg,Jimmy Herrin,918-823-4415,999-999-9999
Ingalls Fire Department,Payne,Jim Burton,405-377-7476,999-999-9999
Inola Fire Department,Rogers,Barney Grigg,918-830-5539,999-999-9999
Iowa Tribe Fire Department,Lincoln,Gerald Woommavovah,405-547-4244,4055478646
Isabella Fire District,Major,Ray Price,580-822-4039,999-999-9999
IXL Volunteer Fire Department,Okfuskee,Wendell Williams,918-668-3431,999-999-9999
Jackson County Fire Department,Jackson,Bob Howard,580-482-4420,999-999-9999
Jacktown Fire Department,Lincoln,Greg Ford,405-226-9484,999-999-9999
Jay Fire Department,Delaware,Brandon Alexander,918-253-6350,918-253-8495
Jenks Fire Department,Tulsa,Bob Douglas,918-298-1862,999-999-9999
Jennings Fire Department,Pawnee,David Poulter,918-757-2543,999-999-9999
Jester Volunteer Fire Department,Greer,Junior Norton,580-683-4325,999-999-9999
Jet Volunteer Fire Department,Alfalfa,Jason Jenlink,580-554-4576,999-999-9999
Jimtown Volunteer Fire Department,Love,Wesley Dill,580-276-6451,999-999-9999
Jones Fire Department,Oklahoma,Mark Taylor,405-229-2045,999-999-9999
Joy Community Vol Fire Dept. Assoc,Murray,Darrell Hudson,580-220-5855,999-999-9999
Kansas Fire Department,Delaware,David Spencer,918-868-6000,999-999-9999
Katie Fire Department,Garvin,Brent Christian,580-788-2711,999-999-9999
Kaw City Fire Department,Kay,Jason Bliss,580-716-7524,999-999-9999
KEDDO,Latimer,Larry Morgan,918-465-2367,999-999-9999
Keefeton Volunteer Fire Department,Muskogee,Speck Plunkett,918-687-5108,999-999-9999
Kellyville Fire Department,Creek,Roger Tuttle,918-247-6160,999-999-9999
Kemp Fire Department,Bryan,Jeremy Sisemore,580-838-2175,999-999-9999
Kendrick Volunteer Fire Department,Lincoln,Mike Stewart,918-368-2524,999-999-9999
Kenefic Volunteer Fire Department,Bryan,ML Bridges,580-367-2744,999-999-9999
Kenton Volunteer Fire Department,Cimarron,Steve Sechler,580-261-7419,999-999-9999
Kenwood Fire Association,Delaware,Bud Chancellor,918-434-5219,999-999-9999
Keota Fire District,Haskell,Jim Knowles,918-966-3680,999-999-9999
Ketchum Fire Department,Craig,Robert Long,918-782-7238,999-999-9999
Keyes Fire Department,Cimarron,Tommy Grazier,580-546-7227,999-999-9999
Keys Fire Department,Cherokee,Bobby Jackson,918-456-3448,999-999-9999
Keystone State Park,Tulsa,Dave Smith,918-865-2066,999-999-9999
Keystone Volunteer Fire Department,Tulsa,Chris Blackburn,918-363-8261,918-363-8261
Kiamichi Wilderness Vol Fire Dept,Pushmataha,Gary Broome,580-298-4777,999-999-9999
Kiefer Fire Department,Creek,Rod Wilmot,918-321-3507,999-999-9999
Kildare Volunteer Fire Department,Kay,David Gallagher,580-362-1231,999-999-9999
Kingfisher Fire Department,Kingfisher,John Crawford,405-375-5261,999-999-9999
Kingston Fire Department,Marshall,James Kuykendall,580-564-2407,580-564-2407
Kinta Fire Department,Haskell,Leon Daniels,918-768-3322,999-999-9999
Kiowa County Emergency Service,Kiowa,Wayne Barker,580-726-3377,999-999-9999
Kiowa Fire Department,Pittsburg,Patrick Johnston,918-432-6115,999-999-9999
"Kirk Mountain Fire & Rescue, Inc",Adair,Sandra Holmes,918-696-4906,999-999-9999
Konawa Fire Department,Seminole,Tim Coffey,580-925-3775,999-999-9999
Krebs Fire Department,Pittsburg,Chuck Nelms,918-423-6519,999-999-9999
Kremlin Fire Department,Garfield,Derrick Harris,580-234-3435,999-999-9999
Lahoma Fire Department,Garfield,David Wedel,580-796-2439,999-999-9999
Lake Murray State Park,Carter,Bryce Todd,580-223-4049,999-999-9999
Lake Murray Village Vol Fire Dept,Love,Bryan Rieck,580-768-0048,999-999-9999
Lake Valley Volunteer Fire Department,Washita,Charles Betche,580-538-2352,999-999-9999
Lakemont Shores Fire Department,Delaware,Dick Kauffman,918-435-2888,999-999-9999
Lakewood Fire Department,Bryan,Sherri Thomas,580-775-6282,580-931-0121
Lamar Volunteer Fire Department,Hughes,Bill McCoy,405-379-2053,999-999-9999
Lamont Volunteer Fire Department,Grant,Justin Hembree,580-388-4464,999-999-9999
Lane Fire District,Atoka,Todd Birdsong,580-889-5447,999-999-9999
Langley Fire Department,Mayes,Ed Prine,918-782-9613,999-999-9999
Langston Fire Department,Logan,Stacy Williams,405-466-2254,999-999-9999
Latham-Dog Creek Fire Department,Le Flore,Kevin Hoffman,918-649-4466,999-999-9999
Laverne Fire Department,Harper,Kurt Long,580-921-5103,999-999-9999
Lawrence Creek Fire Department,Creek,David Sadler,918-865-2960,999-999-9999
Leach Community Fire Dept Assoc,Delaware,Troy Sinor,918-868-3423,999-999-9999
Lebanon Fire Department,Marshall,John Rush,940-595-3671,999-999-9999
Lee Creek Volunteer Fire Department,Sequoyah,Tommy Ree,918-427-4612,999-999-9999
Leedey Fire Department,Dewey,Tony Morlan,580-821-4351,999-999-9999
Leflore Volunteer Fire Department,Le Flore,Bradley Warren,918-753-2289,999-999-9999
Lehigh Fire Department,Coal,Ethan Fomby,580-927-0125,999-999-9999
Leisure Land Fire Department,McIntosh,George Crims,918-618-4054,999-999-9999
Lenapah Fire Department,Nowata,Jerry Kimrey,918-468-2461,999-999-9999
Leon Fire Department,Love,Jay Griffith,214-499-7057,999-999-9999
Leonard Area Fire Association,Tulsa,Tony Hall,918-366-6217,999-999-9999
Lequire Volunteer Fire Department,Haskell,Ivas Underwood,918-967-4749,999-999-9999
Lexington Fire Department,Cleveland,Harry Grider,405-527-9882,999-999-9999
Liberty Area Fire Protection Assoc,Tulsa,Lee Johnson,918-366-8330,999-999-9999
Liberty Fire Department,Sequoyah,David Richards,479-414-1226,999-999-9999
Limestone Fire Protection District,Rogers,Carl Smith,918-835-2333,999-999-9999
Lindsay Fire Department,Garvin,Jay Selzer,405-756-3111,999-999-9999
Little Axe Fire Prot District,Cleveland,Al Schneider,405-386-7700,999-999-9999
Little Chief Rural Fire Company,Osage,Jay Edens,918-642-3541,999-999-9999
Loco Fire Department,Stephens,Glenn Knutson,580-537-2521,999-999-9999
Locust Grove Fire Department,Mayes,Robert Foreman,918-479-5275,999-999-9999
Lona Valley Volunteer Fire Department,Haskell,Richard Carter,918-768-3245,999-999-9999
Lone Grove Fire Department,Carter,Bill Christian,580-657-4196,999-999-9999
Lone Wolf Volunteer Fire Department,Kiowa,Lee Horton,580-450-5231,580-846-5297
Longdale Fire Department,Blaine,Mike Hicks,580-274-3478,999-999-9999
Lookeba Town of Fire Department,Caddo,Michael Taylor,405-457-6744,999-999-9999
Lost Man Creek Rural Fire Company,Osage,Gail Fowler,918-648-5208,999-999-9999
Lotawatah Fire Department,McIntosh,Mike Anderson,918-618-3560,999-999-9999
Love County Fire Department,Love,Charles Willis,580-276-2855,999-999-9999
Lowery Volunteer Fire Department,Cherokee,Larry Watts,918-456-0080,999-999-9999
Loyal Fire District,Kingfisher,Richard Meyer,405-368-6513,999-999-9999
Lucien Rural Fire Department,Noble,Kenneth Fisher,580-336-9942,999-999-9999
Lula Fire Department,Pontotoc,Kim Johnson,580-320-6489,999-999-9999
Luther Fire,Oklahoma,Jason Maynard,(405)627-7971,(405)277-9965
Luther Volunteer Fire Department,Oklahoma,Bryan Martin,405-520-7316,999-999-9999
Lyman Rural Fire Company,Osage,Bobby Swopes,793-2020,999-999-9999
Macomb Fire Department,Pottawatomie,Richard Baker,405-333-2449,999-999-9999
Madill Fire Department,Marshall,Keith Pruitt,580-795-2557,999-999-9999
Manchester Fire Department,Grant,Todd Lohman,580-694-2209,999-999-9999
Mangum Fire Department,Greer,Steve Slaton,580-782-3216,999-999-9999
Manitou Volunteer Fire Department,Tillman,Chuck Jensen,580-305-3891,999-999-9999
Mannford Fire Department,Creek,Bob Evans,918-865-2666,999-999-9999
Mannsville Fire Department,Johnston,Michael Eddings,580-371-3876,999-999-9999
Maple Fire Department,Sequoyah,David Riggs,918-427-6853,999-999-9999
Maramec Fire Department,Pawnee,Derrick Taulman,918-454-2853,999-999-9999
Marble City Vol FF Association,Sequoyah,Eardie Six,918-775-9412,999-999-9999
Marietta Fire Department,Love,Mike Cahoon,580-276-9608,999-999-9999
Marland Fire Department,Pawnee,Mickey Robinson,580-268-3468,999-999-9999
Marlow Fire Department,Grady,Jerome McCalvin,580-658-2121,999-999-9999
Marshall County Fire & Safety,Marshall,Terry Denison,580-564-3776,999-999-9999
Marshall Volunteer Fire Department,Logan,Curtis Taylor,405-802-1936,999-999-9999
Martha Volunteer Fire Department,Jackson,Don Hervey,580-266-3385,999-999-9999
Maud Fire Department,Pottawatomie,Billy Presley,405-374-2717,999-999-9999
May Community Rural Fire Department,Harper,Thad Murphy,580-571-2357,999-999-9999
Maysville Fire Department,Garvin,Joe Caldwell,405-620-3233,999-999-9999
McCord Comm Vol Fire Department,Osage,David Rush,580-765-4700,999-999-9999
McCurtain Fire Department,Haskell,Raymond Lane,918-945-7260,999-999-9999
McIntosh County Civil Defense,McIntosh,Harry Trotier,918-689-2835,999-999-9999
McKey Rural FF Association,Sequoyah,Brian Lee,918-774-5914,999-999-9999
McLoud Fire Department,Pottawatomie,Mike Bickel,405-964-4005,999-999-9999
Medford Volunteer Fire Department,Grant,Dennis Brittain,580-395-2823,999-999-9999
Medicine Park Fire Department,Comanche,David McCoy,580-529-2825,999-999-9999
Meeker Fire Department,Lincoln,Terry Young,405-279-4632,999-999-9999
Meers Volunteer Fire Department,Comanche,Dan McClure,580-695-4449,999-999-9999
Meno Fire Department,Major,Elroy Unruh,580-776-2552,999-999-9999
Meridian Fire Department,Logan,John Pross,405-202-2469,999-999-9999
Meridian Volunteer Fire Department,Stephens,Ben Cheek,580-255-8083,999-999-9999
Merrick Volunteer Fire Department,Lincoln,John Spoon,918-399-9338,999-999-9999
Messer Fire Department,Choctaw,Charles Raney,580-326-2284,999-999-9999
Miami Fire Department,Ottawa,Kevin Trease,918-542-6685,999-999-9999
Mid County Fire Department,Adair,Pete Perry,918-696-0515,999-999-9999
Milburn Fire Department,Johnston,David Trammell,580-443-5846,999-999-9999
Milfay Volunteer Fire Department,Creek,Hillis Ailey,918-324-5613,999-999-9999
Mill Creek Fire Department,Johnston,Jim McCracken,580-369-8822,580-384-3939
Millerton Fire Department,McCurtain,Don Coffey,580-212-7029,999-999-9999
Minco Fire Department,Grady,Michael Hurley,405-779-1409,999-999-9999
"Missing, Stolen & Destroyed",McClain,Jim Pitts,405-288-2385,999-999-9999
Moffett Fire Department,Sequoyah,Bobby Bentley,918-875-2386,999-999-9999
Monkey Island Fire Protection District,Delaware,Carl Tesreau,918-257-8718,999-999-9999
Monroe Volunteer Fire Department,Le Flore,Jay Neugen,918-658-2242,999-999-9999
Moore Fire Department,Cleveland,Gary Bird,405-793-5110,405-793-5127
Mooreland Fire Department,Woodward,Mark Murray,580-334-5394,999-999-9999
Morgan's Corner Vol Fire Dept Inc,Osage,John Blakney,918-521-0896,999-999-9999
Morris Rural Fire Association,Okmulgee,Keith Scott,918-733-9030,999-999-9999
Morrison Volunteer Fire Department,Noble,Danny Caldwell,580-724-3473,999-999-9999
Mounds Fire Department,Creek,David Jackson,918-827-6869,999-999-9999
Mountain Park Vol Fire Department,Kiowa,Denton Erwin,580-569-4234,999-999-9999
Mountain View Fire Department,Muskogee,Don Dailey,918-351-0146,999-999-9999
Mountain View Vol Fire Department,Kiowa,Robert Fobes,580-347-2711,999-999-9999
Moyers Rural Vol Fire Department,Pushmataha,Bobby Willis,580-298-2271,999-999-9999
Muldrow Fire Department,Sequoyah,Alan Falkner,479-650-0156,999-999-9999
Mulhall Volunteer Fire Department,Logan,Roland Taylor,405-760-5061,999-999-9999
Multiple Placment Code,McClain,Jim Pitts,405-288-2385,999-999-9999
Murry Spur Vol Fire Department,Le Flore,Cary Carter,479-459-8430,999-999-9999
Muskogee Fire Department,Muskogee,Derek Tatum,918-687-5483,999-999-9999
Mutual Fire Department,Woodward,Cole Braley,580-334-0349,999-999-9999
Naples Fire Department,Grady,Rodney Gregory,405-222-3047,999-999-9999
Nash Volunteer Fire Department,Grant,Larry Cokeley,580-532-5095,999-999-9999
Nashoba Fire Department,Pushmataha,Brent Powell,918-755-4340,999-999-9999
Nature Cons Tallgrass Prairie,Osage,Harvey Payne,918-287-4803,999-999-9999
Nature Conservancy,Pontotoc,Jim Erwin,580-777-2224,999-999-9999
NE Lincoln County Fire Department,Lincoln,Bruce Lair,918-225-5025,999-999-9999
Nelagoney Vol Fire Dept Association,Osage,David Stone,918-287-3781,999-999-9999
Nelson Vol Fire Dept Association,Choctaw,Danny Antwine,580-345-2730,999-999-9999
Nescatunga Fire District,Alfalfa,Kim Dale,580-626-4756,999-999-9999
New Alluwe Fire Department,Nowata,Jim Barger,918-475-2376,999-999-9999
New Hope Volunteer Fire Association,Caddo,Mark Myers,405-247-2050,999-999-9999
Newalla Vol Fire Department,Oklahoma,Getty Williams,405-660-1197,999-999-9999
Newcastle Fire Department,McClain,Kevin Self,405-387-5823,999-999-9999
Newkirk Fire Department,Kay,Jerry Evans,580-362-3606,999-999-9999
Nichols Hills Fire Department,Oklahoma,Terry Hamilton,405-843-8526,405-842-8409
Nicoma Park Fire Department,Oklahoma,Jim Shonts,405-769-4593,999-999-9999
Nicut Rural Fire Department,Sequoyah,Clay Morgan,918-427-7882,999-999-9999
Ninnekah Volunteer Fire Department,Grady,Troy Wilson,405-274-6220,999-999-9999
Noble Fire Department,Cleveland,Gary Bonner,405-872-3030,999-999-9999
NODA,Garfield,Cecil Michaels,580-237-4810,999-999-9999
Non Fire Department,Hughes,Tim Abney,580-889-7395,999-999-9999
Norman Fire Department,Cleveland,James Fullingim,405-292-9780,405-292-9785
North 48 Sunrise Vol Fire Department,Pawnee,Ryan Spyres,918-358-3847,999-999-9999
North Shore Volunteer Fire Department,Marshall,Frank Reed,580-795-2023,999-999-9999
Northeast Area Forestry,Cherokee,John Burwell,918-456-6139,999-999-9999
Norwood Fire Department,Cherokee,Eric Salmon,918-478-9628,999-999-9999
Nowata County Civil Defense,Nowata,George Lee,918-273-1139,999-999-9999
Nowata Fire Department,Nowata,Randy Lawson,918-273-3532,999-999-9999
Nuyaka Volunteer Fire Department,Okmulgee,Chris Edmonds,918-758-6547,999-999-9999
NW Roger Mills Fire Association,Roger Mills,Nathan Coogle,580-497-6735,999-999-9999
NW Rogers County Fire Prot District,Rogers,David Puckett,918-443-2471,999-999-9999
NWSOATX,Cimarron,Ken Schneider,000-000-0000,806-382-0015
Oak Cliff Rural Fire Protection,Logan,Ken Stoops,405-340-9115,999-999-9999
Oak Grove Fire Prot Dist of Wagoner Co,Wagoner,Dicus Benton,918-688-4143,999-999-9999
Oakgrove Fire District,Murray,Bart Castleberry,580-622-6540,999-999-9999
Oakhurst Volunteer Fire Department,Tulsa,James Harper,918-445-1442,999-999-9999
Oakridge Volunteer Fire Department,Stephens,Gary Curtis,580-252-5472,999-999-9999
Oaks Volunteer Fire Department,Delaware,Vince Osborn,918-868-3850,999-999-9999
Oakwood Fire Department,Dewey,Gary Clyden,580-891-3318,999-999-9999
Ochelata Volunteer Fire Department,Washington,Stanton Ingram,918-353-2408,999-999-9999
Octavia Rural Fire Association,Le Flore,Steve Price,580-244-3456,999-999-9999
OEDA,Beaver,Charlie Enlow,580-625-4531,999-999-9999
Oglesby Civil Defense Fire Department,Washington,Charlie Cunningham,918-545-2721,999-999-9999
Oil Center Fire District,Pontotoc,Eddy Crawford,580-436-2162,999-999-9999
Oilton Volunteer Fire Department,Creek,Pat Martin,918-740-4301,999-999-9999
OK Dept of Corrections Lexington,Cleveland,Jack Cottrell,405-527-5676,999-999-9999
OK Dept of Wildlife Conservation,Pittsburg,William Ashley,918-469-3758,999-999-9999
OK Dept of Wildlife Conservation,Pushmataha,Jack Waymire,918-569-4329,999-999-9999
Okarche Fire Department,Canadian,Gary Baustert,405-368-7894,999-999-9999
Okay Volunteer Fire Department,Wagoner,Terry Gorman,918-869-7007,999-999-9999
Okeene Fire Department,Blaine,Glenn Halverson,580-822-1616,999-999-9999
Okemah Fire Department,Okfuskee,Billy Tanner,918-623-1050,999-999-9999
Oklahoma City Fire Department,Oklahoma,Keith Bryant,000-000-0000,405-297-3329
Oklahoma Forestry Broken Bow,McCurtain,Andy James,000-000-0000,580-584-3352
Oklahoma Forestry Sallisaw,Sequoyah,Steve Couch,000-000-0000,918-775-2666
Okmulgee County Civil Defense,Okmulgee,George Jacobs,918-758-6435,999-999-9999
Okmulgee Fire Department,Okmulgee,Rick Mitchell,918-381-3728,999-999-9999
Okmulgee State Park,Okmulgee,Charles Rogers,918-756-5971,999-999-9999
Okmulgee Wildlife Refuge,Okmulgee,Bruce Burton,918-756-3757,999-999-9999
Oktaha FF Association,Muskogee,Leonard Stevens,918-683-2792,999-999-9999
Olive Fire Department,Creek,Stuart Cox,918-352-4225,999-999-9999
Olney Fire Department,Coal,Howard Ables,580-428-3320,999-999-9999
Olustee Fire Department,Jackson,David Brown,580-471-8183,999-999-9999
Omega Rural Fire District,Kingfisher,Kris Eaton,405-368-8171,999-999-9999
Onapa Fire Department Inc,McIntosh,Greg Moore,918-689-0232,999-999-9999
Optima Fire Department,Texas,Jim Lackey,580-651-0653,999-999-9999
Orion Fire District Association,Major,Valden Bryant,580-227-2281,999-999-9999
Orlando Rural FF Association,Logan,Wayne Hafner,580-455-2548,999-999-9999
Orr Volunteer Fire Department,Love,Terry Redmon,580-662-3151,999-999-9999
Osage Board of County Commisioners,Osage,Bill Sweeden,918-287-1570,999-999-9999
Osage County Conservation District,Osage,Joe Sweeden,918-287-3290,999-999-9999
Osage County Rural Water Dist # 11,Osage,Bill Basore,918-396-3196,999-999-9999
Osage Cove Fire District Association,Osage,Brendan Montgomery,580-718-0402,999-999-9999
Osage Hills Rural Fire Department,Osage,Jerry Harris,918-337-0375,999-999-9999
Osage Hills State Park,Osage,Rick Geveart,918-336-5635,999-999-9999
Osage Hills Vol Fire Department Inc,Osage,Dan Wiggins,918-425-8151,999-999-9999
Osage Volunteer Fire Department,Osage,Chad Barlow,918-354-2505,999-999-9999
Osage-Pleasant View Fire Department,Mayes,Rick Howard,918-825-4379,999-999-9999
OSU Fire Service Training,Payne,Bryan West,405-744-5727,999-999-9999
Ottawa County Fire Service,Ottawa,Russell Earls,918-542-3332,999-999-9999
Owasso Fire Department,Tulsa,Mark Stuckey,918-272-1473,999-999-9999
Owens & Company Inc Mutual Aid,Washington,Todd Owens,918-521-3911,999-999-9999
Paden Volunteer Fire Department,Okfuskee,Clifford Mayfield,405-932-4441,999-999-9999
Panama Fire Department,Le Flore,Wiley Williamson,918-413-1055,999-999-9999
Paoli Fire Department,Garvin,Donald Moore,405-238-7595,999-999-9999
Paradise Point Fire Department,McIntosh,Leonard Kirby,918-473-5842,999-999-9999
Paradise Point Fire Station Association,Ottawa,Morgan Lennox,918-786-2212,999-999-9999
Paradise Valley Fire Department,Comanche,Douglas Wright,580-510-6265,999-999-9999
Parker Pine Volunteer Fire Department,Coal,Joe Coffey,580-927-2169,999-999-9999
Pauls Valley Fire Department,Garvin,Mark Norman,405-238-5171,405-207-9841
Pawhuska Fire Department,Osage,Paddy Metcalf,918-287-4210,999-999-9999
Pawhuska Indian Village Vol Fire Dept,Osage,Brock Carter,918-287-9936,999-999-9999
Pawnee Fire Department,Pawnee,James Novotny,918-762-6471,918-762-3955
Pawnee Nation Fire Department,Pawnee,Cecil Riding In,918-762-3655,918-762-3655
Payne Volunteer Fire Department,McClain,Justin Walck,405-867-4996,999-999-9999
Peckham Volunteer Fire Department,Kay,Dusty Eckert,580-362-3543,999-999-9999
Peggs Volunteer Fire Department,Cherokee,Roger Fine,918-598-3414,999-999-9999
Pending Sale,McClain,Jim Pitts,405-288-2385,999-999-9999
Peninsula Fire Department,Pawnee,Bob Sharp,918-243-7761,918-243-7300
Peoria Volunteer Fire Department,Ottawa,Henry Hayes,918-541-5834,999-999-9999
Perkins Fire Department,Payne,Joe Barta,405-547-5440,999-999-9999
Pernell Fire Department,Garvin,Brent Balentine,580-432-5314,999-999-9999
Perry Fire Department,Noble,Paul Hinchey,580-336-9755,999-999-9999
Pershing Volunteer Fire Company,Osage,Chuck Hall,918-846-2393,999-999-9999
Philadelphia Volunteer Fire Department,Bryan,Warren Roberts,580-924-8357,999-999-9999
Picher Fire Department,Ottawa,Jeff Reeves,918-673-1709,999-999-9999
Pickens Volunteer Fire Department,McCurtain,Bobby Don Smalling,580-241-7750,999-999-9999
Pickett Center Volunteer Fire Assoc,Pontotoc,Dustan Grand,580-436-2190,999-999-9999
Piedmont Fire Department,Canadian,Tim Heinrich,405-850-9985,999-999-9999
Pine Creek Volunteer Fire Department,McCurtain,Franky Armstrong,580-933-4192,999-999-9999
Pink Fire Department,Pottawatomie,Rick Richards,405-598-5524,999-999-9999
Pioneer Fire Department,Grady,Charlie Largent,405-222-2339,999-999-9999
Pioneer Skeleton Creek Fire Dist Assoc,Garfield,Brad Hedges,580-758-3525,999-999-9999
Pittsburg Area Vol Fire Department,Pittsburg,M.A. Danley,918-432-5480,999-999-9999
Plainview Volunteer Fire Department,Okmulgee,Stanley Page,918-650-2526,999-999-9999
Pocasset Volunteer Fire Department,Grady,Christie Rainey,405-459-6737,999-999-9999
Pocola Fire Department,Le Flore,Wesley Riggs,918-436-7120,999-999-9999
Ponca City Fire Department,Kay,Gary Denny,580-767-0360,999-999-9999
Pond Creek Fire Department,Grant,Linda Golden,580-532-5086,999-999-9999
Porter Fire Department,Wagoner,David Dickey,918-855-2479,999-999-9999
Porter Hill Fire Department,Comanche,Clifford Nunley,580-492-5939,999-999-9999
Porum Landing Fire Protection Assoc,McIntosh,Trampas Tripp,918-689-9799,999-999-9999
Porum Volunteer Fire Department,Muskogee,Jesse Wright,918-484-2517,999-999-9999
Post Mountain Fire Department,Le Flore,Danny Woodral,918-647-6344,999-999-9999
Poteau Fire Department,Le Flore,Jon Pickel,918-647-4196,999-999-9999
Prague Fire Department,Lincoln,Josh Pratka,405-567-4090,999-999-9999
Preston Volunteer Fire Dept Inc,Okmulgee,Ty Sharp,918-756-7838,999-999-9999
Prue Volunteer Fire Department,Osage,Pete Burris,918-242-3613,999-999-9999
Pryor Fire Department,Mayes,Tim Thompson,918-825-3131,999-999-9999
Pryor/Mayes County Civil Defense,Mayes,Mike Coatney,918-825-4650,999-999-9999
Purcell Rural Fire Department,McClain,Gary Bonner,405-527-4640,405-527-4646
Putnam Fire Department,Dewey,Stacy King,580-582-6340,999-999-9999
Quapaw Fire Department,Ottawa,Casey Abernathy,918-674-3082,999-999-9999
Quartz Mountain Volunteer Fire Assoc,Kiowa,Gene Bryce,580-482-3921,999-999-9999
Quinton Volunteer Fire Department,Pittsburg,Mike West,918-469-2221,999-999-9999
Ralston Volunteer Fire Department,Pawnee,Wayne Terry,918-738-4205,999-999-9999
Ramona Fire Department,Washington,Tyson Kincaid,918-857-5294,999-999-9999
Ranch Drive Rural Fire Dept Assoc,Kay,Jim Rugeley,580-765-2428,999-999-9999
Randlett Volunteer Fire Department,Cotton,Randy Green,580-281-3284,999-999-9999
Ratliff City Fire Department,Carter,Richard Wright,580-856-3827,999-999-9999
Rattan Fire Department,Pushmataha,Tim Eubanks,580-271-1146,999-999-9999
Ravia Fire Department,Johnston,Donnie McSwain,580-371-3569,999-999-9999
Reagan Volunteer Fire Department,Johnston,Bruce Bailey,580-384-3994,999-999-9999
Red Oak Fire Department,Latimer,Walter Squires,918-754-2834,999-999-9999
Red Rock Rural Fire Association,Noble,Jerry Potter,580-723-4303,999-999-9999
Redland Fire Department Incorporated,Sequoyah,Rick Russell,918-427-4954,999-999-9999
Reed Volunteer Fire Department,Greer,Robert Peeler,580-683-4234,999-999-9999
Reichert Fire Department,Le Flore,Bill Hardin,918-653-2622,999-999-9999
Rentiesville Rural Area Fire District,McIntosh,Gary Foreman,918-473-0583,999-999-9999
Reydon Volunteer Fire Department,Roger Mills,Monty Markham,580-655-4592,999-999-9999
Richland Volunteer Fire Department,Canadian,Jim Price,405-373-1920,999-999-9999
Ringling Fire Department,Jefferson,Terry Morris,580-662-2216,999-999-9999
Ringold Volunteer Fire Department,McCurtain,Jimmy Capps,580-212-0646,999-999-9999
Ringwood Fire Department,Major,John Regier,580-883-4498,999-999-9999
Ripley Fire Department,Payne,Tim Arnold,918-373-4224,999-999-9999
River Road Fire District Association,Kay,John Williamson,580-362-1031,999-999-9999
Roberta Volunteer Fire Department,Bryan,Andy Daniel,580-920-5780,999-999-9999
Rock Fire Department,Osage,Charley Pearson,918-241-3873,999-999-9999
Rock Prarie Fire Department Inc,Murray,Butch Reed,580-384-5439,999-999-9999
Rock Township Rural Fire District Assoc,Noble,Wade Warren,580-336-3630,999-999-9999
Rocky Point Fire Department,Sequoyah,Greg Price,918-775-4969,999-999-9999
Rocky Volunteer Fire Department,Washita,Tucker Griffith,580-751-0196,999-999-9999
Roff Fire Department,Pontotoc,Robert Bailey,580-272-7339,999-999-9999
Roland Fire Department,Sequoyah,James Edwards,918-427-3252,918-427-3911
Rolling Hills Vol Fire Department,Wagoner,Bryon Fox,918-734-6025,999-999-9999
Roosevelt Volunteer Fire Department,Kiowa,Jeff Vanderpol,580-821-6782,580-639-2866
Rosedale Volunteer Fire Department,McClain,William Farmer,405-640-3143,405-469-4166
Rosston Volunteer Fire Department,Harper,Terry Shuman,580-921-5802,999-999-9999
Rufe Volunteer Fire Department,McCurtain,Bill Burwell,580-876-3224,999-999-9999
Rural Fire Prot Dist # 1 Sequoyah Co,Sequoyah,Dana Tracy,918-453-8764,999-999-9999
Rush Creek Volunteer Fire Department,Garvin,Richard McCarty,405-238-5230,999-999-9999
Rush Springs Fire Department,Grady,Ricky Adamson,580-476-3784,999-999-9999
Russell Community Vol Fire Assoc,Greer,Rick Johnson,580-679-4702,999-999-9999
Russellville Area Vol Fire Dept. Inc,Pittsburg,Clayton Potts,918-469-2202,999-999-9999
Ryan Fire Department,Jefferson,Brian Dalton,580-757-9285,999-999-9999
Sac & Fox Tribe Fire Department,Lincoln,Merle Boyd,918-968-3526,999-999-9999
Saddle Mountain Fire Department,Kiowa,Bill Sims,580-347-2706,999-999-9999
Salem/Ryall Fire Department,McIntosh,Allen Henshaw,918-652-1719,999-999-9999
Salina Fire Department,Mayes,Joe Brown,918-589-2574,999-999-9999
Sallisaw Fire Department,Sequoyah,Anthony Armstrong,918-775-6241,999-999-9999
Sam's Point Vol Fire Department,Pittsburg,Jim Staley,918-339-2026,999-999-9999
Sand Creek Rd Fire Association,Osage,Rocky Schroder,918-948-1681,999-999-9999
Sand Springs Fire Department,Tulsa,Mike Wood,918-246-2550,918-245-0372
Sandy Sanders WMA,Greer,Ron Smith,580-471-3371,999-999-9999
Sapulpa Fire Department,Creek,Jack Carner,918-224-3359,999-999-9999
Sarge Creek Rural Fire Company,Osage,Abraham Payne,918-793-7541,999-999-9999
Sasakwa Fire Department,Seminole,Dale Johnston,405-941-3210,999-999-9999
Savanna Fire Department,Pittsburg,Donald Capps,918-548-3768,999-999-9999
Sawyer Fire Department,Choctaw,William Eaton,918-327-5815,999-999-9999
Sayre Fire Department,Beckham,James Manning,580-928-2260,999-999-9999
Schulter Volunteer Fire Department,Okmulgee,Claude Stanke,918-652-8937,999-999-9999
Sedan Volunteer Fire Association,Kiowa,Don Payne,580-550-0818,999-999-9999
Seiling Fire Department,Dewey,Shane Sander,580-922-1963,999-999-9999
Selman Fire Department,Harper,Bill Bair,580-727-4211,999-999-9999
Seminole Fire Department,Seminole,Ed Lemmings,405-382-1315,999-999-9999
Sentinel Volunteer Fire Department,Washita,Jon Wheeler,580-393-2171,580-393-4905
Sequoyah Bay State Park,Wagoner,Ed Tittle,918-683-0878,999-999-9999
Sequoyah County Emergency Mgmt,Sequoyah,Chris Keathly,918-774-4632,999-999-9999
Sequoyah State Park,Cherokee,Stearling Zearllet,918-722-2046,999-999-9999
Shady Dale Volunteer Fire Department,Love,Tim Coyle,580-276-5285,999-999-9999
Shady Grove Volunteer Fire Department,Pittsburg,Billy Crenshaw,918-426-3473,999-999-9999
Shady Grove/Central High Fire Dept,McIntosh,Jeff Boyd,918-617-0266,999-999-9999
Shady Point Fire Department,Le Flore,Bob Hawley,918-647-9270,999-999-9999
Shamrock Fire Department,Creek,Keith Weaver,918-640-2110,999-999-9999
Sharon Fire Department,Woodward,Bill Phillips,580-256-3937,999-999-9999
Shattuck Fire Department,Ellis,Gavin Stevens,580-938-1228,999-999-9999
Shawnee Fire Department,Pottawatomie,Jimmy Gibson,405-878-1556,999-999-9999
Sherwood Rural Fire Department,McCurtain,James Smith,580-241-5731,999-999-9999
Shidler Volunteer Fire Department,Osage,Todd Roe,918-793-7171,999-999-9999
Shinewell Fire Department,McCurtain,Franky Pogue,580-245-1133,999-999-9999
Sickles Volunteer Fire Association,Caddo,Mike Taylor,405-457-6744,999-999-9999
Silo Community Vol Fire Department,Bryan,Tom Atkinson,580-924-6449,999-999-9999
Silver City Volunteer Fire Department,Creek,Bryan Beall,918-865-7040,999-999-9999
Skedee Volunteer Fire Department,Pawnee,Lee Peckenpah,918-767-3151,999-999-9999
Skiatook Fire Department,Osage,Bryn Burgess,918-396-3580,918-396-3002
Slapout Fire Department,Beaver,Charlie Starbuck,580-837-5253,999-999-9999
Slaughterville Fire Department,Cleveland,Paul Long,405-831-6224,999-999-9999
Slick Volunteer Fire Department,Creek,Arlis Bryant,918-367-6042,999-999-9999
Sneed Volunteer Fire Department,Carter,Jay Christian,580-657-2474,999-999-9999
Snyder Fire Department,Kiowa,Bill Graves,580-569-2119,999-999-9999
Sobol Volunteer Fire Department Inc,Choctaw,Rick Dockenson,580-212-0199,999-999-9999
SODA,Bryan,Tommy Sheperd,580-920-1388,999-999-9999
Sold,McClain,Jim Pitts,405-288-2385,999-999-9999
"Soldier Creek and Caney Fire Prevention Assn, Inc.",Marshall,Jimmy Jacobs,580-565-9002,999-999-9999
Sooner Volunteer Fire Department,Logan,Daryl Hoel,405-282-8230,999-999-9999
Soper Volunteer Fire Department,Choctaw,Albert Hoff,,999-999-9999
South Coffeyville Fire Department,Nowata,Jim Wilson,918-255-6610,918-255-6430
Southeast Area Forestry,McCurtain,Tommy Smith,580-584-3351,999-999-9999
Southside Volunteer Fire Association,Haskell,Chris Pugh,918-967-9116,999-999-9999
Sparks Fire Protection District (CLCFPD #4),Lincoln,Nick Collett,918-866-2300,999-999-9999
Sparrow Hawk Village Vol Fire Dept,Cherokee,Charles Pass,918-456-4389,999-999-9999
Spaulding Volunteer Fire Department,Hughes,Tommy Taylor,405-379-3668,999-999-9999
Spavinaw Fire Department,Mayes,Terry Newby,918-589-2574,999-999-9999
Speer Volunteer Fire Department Association,Choctaw,Sharon Smith,580-326-4306,999-999-9999
Spencer Fire Department,Oklahoma,Jeff Hale,405-831-6760,999-999-9999
Spencerville Fire Department,Choctaw,Ryan Pitt,580-326-8031,999-999-9999
Sperry Fire Department,Osage,Sam Bradley,918-288-7056,999-999-9999
Spiro Fire Department,Le Flore,Doug Harper,918-962-2451,999-999-9999
Spring Valley Fire Department,Cherokee,Ronnie Smith,918-691-8656,999-999-9999
Springer Fire Department,Carter,Denny Meeks,580-653-2281,999-999-9999
Stapp Zoe & Quachita Vol Fire Dept,Le Flore,Donnie Heavener,918-653-7831,999-999-9999
Sterling Fire Department,Comanche,David Break,580-512-8927,999-999-9999
Stigler Fire Department,Haskell,Jimmy Pearson,918-967-2164,999-999-9999
Stillwater Fire Department,Payne,Marion Blackwell,405-742-8308,999-999-9999
Stilwell Fire Department,Adair,Kevin Stuhmer,918-696-7412,999-999-9999
Stone Bluff Volunteer Fire Department,Wagoner,Carla Hayes,918-482-1111,999-999-9999
Stonewall Fire Department,Pontotoc,Phillip Nuner,580-265-4241,580-265-4536
Strang Community Fire Department,Mayes,Travis Fleming,918-593-2356,999-999-9999
Stratford Fire Department,Garvin,Johnny Mann,580-759-2362,999-999-9999
Stringtown Fire Department,Atoka,James Self,580-239-2382,999-999-9999
Strong City Vol Fire Association,Roger Mills,Boyd Koch,580-821-2080,999-999-9999
Strothers Volunteer Fire District,Seminole,Nick Nadeau,405-382-5578,999-999-9999
Stroud Fire Department,Lincoln,Roger CcElyes,918-290-0603,999-999-9999
Stuart Fire Department,Hughes,Terry Gilliland,918-546-2623,999-999-9999
Sugden Volunteer Fire Department,Jefferson,Page Strickland,580-228-2402,999-999-9999
Sulphur Fire Department,Murray,Danny Cox,405-622-3400,999-999-9999
Summerfield Fire Department,Le Flore,Wilbur Waits,918-567-2190,999-999-9999
Summit Volunteer Fire Department,Muskogee,Greg Smith,918-840-0752,999-999-9999
Sumner Fire Department Association,Noble,Albert Quick,580-336-4964,999-999-9999
Sunrise Volunteer Fire Department,Okfuskee,Charles Fisher,918-623-1331,999-999-9999
SW Lincoln Co Fire Prot District #1,Lincoln,John Pieper,405-454-6127,999-999-9999
Swan Lake Vol Firefighters Association,Caddo,Jack Woolard,405-643-5397,999-999-9999
Sweetwater/Beckham Co Fire Dept,Beckham,Tim Bryan,580-729-0406,999-999-9999
Swink Volunteer Fire Department,Choctaw,Billy Powell,580-873-2384,999-999-9999
SWODA,Washita,Mark Gardner,580-562-4884,580-562-4880
Sycamore Fire Department Incorporated,Osage,Raymond Keil,918-538-2211,999-999-9999
Taft Fire Association,Muskogee,Kenny Lee,918-682-4529,999-999-9999
Tahlequah Fire Department,Cherokee,Ray Hammons,918-456-0651,999-999-9999
Talihina Fire Department,Le Flore,Gary Lawrence,918-567-2228,918-567-2733
Taloga Fire and Ambulance,Dewey,Chuckie Hurt,580-886-5280,999-999-9999
Tamaha Volunteer Fire Department,Haskell,Jeff Murrell,479-461-1091,999-999-9999
Tannehill Volunteer Fire Department,Pittsburg,Woody King,918-424-2177,999-999-9999
Taylors Ferry Vol Fire Department,Wagoner,Doug Disler,918-772-2251,999-999-9999
Tecumseh Fire Department,Pottawatomie,Aaron Williams,405-598-4303,405-598-3365
Temple Volunteer Fire Department,Cotton,Matt Tucker,580-342-6218,999-999-9999
Tenkiller State Park,Sequoyah,Steven Lamb,918-487-5178,999-999-9999
Terlton Vol. Fire Department,Pawnee,Ricky Davis,918-757-4254,918-757-4254
Terral Volunteer Fire Department,Jefferson,David Hamm,580-437-2337,999-999-9999
Texanna Fire Department Assn,McIntosh,Harry Trottier,918-689-6152,918-689-7805
Texhoma Fire Department,Texas,Jeff Tanquary,580-651-6786,999-999-9999
Texola Volunteer Fire Department,Beckham,Richard Moore,580-526-3723,999-999-9999
Texoma Vol Fire Department,Marshall,Jere Zimmerman,580-564-9282,999-999-9999
Thackerville Community Vol Fire Dept,Love,Ken Watson,580-276-2899,999-999-9999
Thomas Volunteer Fire Department,Custer,Larry Schrock,580-661-1120,580-661-3689
Tia Juana Volunteer Fire Department,Delaware,Jim Smart,918-435-5786,999-999-9999
Tiawah Fire Department,Rogers,Johnny Golbek,918-341-0304,999-999-9999
Tiff City Volunteer Fire Department,Delaware,Jim McBee,417-775-2205,999-999-9999
Tiger Mountain Rural Fire Dept,McIntosh,Darren Dotson,918-652-1046,999-999-9999
Tillman County Fire Department,Tillman,Johnnie Carpenter,580-335-3421,999-999-9999
Tipton Volunteer Fire Department,Tillman,Benji Miligan,580-667-4105,999-999-9999
Tishomingo Fire Department,Johnston,Paul Wilson,580-371-3051,580-371-3723
Tom Volunteer Fire Department,McCurtain,Bob Grant,580-245-1539,999-999-9999
Tonkawa Fire Department,Kay,Kirk Henderson,580-628-3251,999-999-9999
Toppers Fire Company,Wagoner,Gary Tichenor,918-688-0233,999-999-9999
Town of Red Bird Comm Vol Fire Dept,Wagoner,Kenny Herd,918-640-5192,999-999-9999
Transferred,McClain,Jim Pitts,405-288-2385,999-999-9999
Tri City Fire Department,Marshall,Dicky Melton,580-795-3551,999-999-9999
Tri District Fire Department,Rogers,Bob Anderson,918-342-4484,999-999-9999
Tribbey Fire Department,Pottawatomie,Mickey Fullingim,405-899-4178,999-999-9999
Tryon Fire Department,Lincoln,Mike Kerns,918-374-2384,999-999-9999
Tullahassee Fire Department,Wagoner,Scott Smith,918-683-4611,999-999-9999
Tulsa Area Emergency Mgmt Assoc,Tulsa,Roger Jolliff,918-596-9898,999-999-9999
Tupelo Fire District,Coal,Rick Ellis,580-845-2626,999-999-9999
Turley Fire And Rescue Company,Tulsa,Nelson Sager,918-425-3207,999-999-9999
Turpin Fire Department,Beaver,Gary Riffe,580-778-3702,999-999-9999
Tushka Fire Department,Atoka,Roger McIntish,580-889-6157,999-999-9999
Tuskahoma Fire Department,Pushmataha,Bill Willis,918-569-4657,999-999-9999
Tuttle Fire Department,Grady,Gerald Cook,405-381-4464,999-999-9999
Twin City Fire Department,Caddo,David Pack,405-797-3829,999-999-9999
Twin Hills Volunteer Fire Dept,Okmulgee,Robert Pinkston,918-756-6054,999-999-9999
Twin Lakes Volunteer Fire Department,Logan,Bill Media,405-632-7422,999-999-9999
Tyrone Fire Department,Texas,Bart Banning,580-854-6873,999-999-9999
Union Chappel Fire Department,Pittsburg,Phillip Danley,918-432-6100,999-999-9999
Union City Fire Department,Canadian,Darrel Wilkerson Jr,405-483-5262,999-999-9999
Union Valley Vol Fire Association,Pontotoc,Mike Carrell,580-265-9601,999-999-9999
US War Veteran Colony Vol Fire Dept,Latimer,Robert Livingston,918-465-2517,999-999-9999
Valliant Fire Department,McCurtain,x,580-933-4721,580-933-4841
Vanoss Fire Department,Pontotoc,Rance Walker,580-310-4792,999-999-9999
Velma Volunteer Fire Department,Stephens,David Bloodworth,580-444-3393,999-999-9999
Verden Volunteer Fire Department,Grady,Jackson McClane,405-453-7027,999-999-9999
Verdigris Fire Protection District,Rogers,Mike Shaffer,918-266-3217,999-999-9999
Vian Fire Department,Sequoyah,Ed Barton,918-773-4038,999-999-9999
Vici Fire Department,Dewey,David Trimble,580-995-4231,999-999-9999
Vinita Fire Department,Craig,Jim Butcher,918-256-2674,999-999-9999
Vinson Rural Vol Fire Department,Harmon,Gerald Sherrill,580-675-2471,999-999-9999
Vivian Area Fire Association,McIntosh,Robert Lane,918-618-2453,999-999-9999
Wade Vol Fire Department Assoc,Bryan,Trusten Munson,580-847-2337,999-999-9999
Wagoner County Fire Service,Wagoner,Randy Cole,918-483-2288,999-999-9999
Wagoner Fire Department,Wagoner,Kelly Grooms,918-284-6118,999-999-9999
Wainwright Volunteer Fire Association,Muskogee,Rick Grimes,918-781-9493,999-999-9999
Wakita Fire Department,Grant,J. Day Williams,580-594-2467,999-999-9999
Walker Fire District,Garvin,Jim Rickey,405-238-5573,999-999-9999
Walnut Creek State Park,Osage,David Smith,918-865-2066,999-999-9999
Walters Volunteer Fire Department,Cotton,Richard Lewallen,580-875-2060,999-999-9999
Wamsley Creek Rural Fire Department,Osage,Jason Reed,918-793-2151,999-999-9999
Wanette Fire Department,Pottawatomie,Scott Dubler,405-863-0627,999-999-9999
Wann Community Rural Fire Dept,Nowata,Skip Blackburn,918-531-2609,999-999-9999
Wapanucka Fire Department,Johnston,Gary Reeder,580-937-9955,999-999-9999
Wards Chapel Fire Department,Atoka,Jim Hardman,580-889-9533,999-999-9999
Wardville Fire Department,Atoka,Jim Rhyne,918-874-3563,999-999-9999
Warner Volunteer Fire Department,Muskogee,Enoch Good,918-441-8310,999-999-9999
Warren Fire Department,Jackson,Richard mcmahon,580-318-2240,999-999-9999
Washington Co Civil Defense Fire Dept,Washington,Kary Cox,918-214-0107,999-999-9999
Washington Co Emergency Operations Center,Washington,Kary Cox,918-331-2710,999-999-9999
Washington Volunteer Fire Department,McClain,John Wilk,405-288-2578,999-999-9999
Washita County District 3,Washita,Steve Finnell,580-832-5016,999-999-9999
Watonga Fire Department,Blaine,Mark Huff,580-623-7378,999-999-9999
Watson Community Fire Department,McCurtain,Terry Freeman,580-244-3398,999-999-9999
Watts Fire Department,Adair,Darrell King,479-238-4965,999-999-9999
Waukomis Fire Department,Garfield,Clarence Maly,580-758-3481,999-999-9999
Waurika Fire Department,Jefferson,Johnny Berry,580-228-2714,999-999-9999
Wayne Volunteer Fire Department,McClain,Scott Thrash,405-527-0574,999-999-9999
Waynoka Fire Department,Woods,John Smiley,580-334-6553,999-999-9999
Weatherford Fire Department,Custer,David Wright,580-772-5345,999-999-9999
Webb City Vol Fire Department,Osage,Jeff Harbison,918-765-2431,999-999-9999
Webb Fire Association,Dewey,Kirk Stephenson,580-328-5402,999-999-9999
Webbers Falls Vol Fire Department,Muskogee,Travis Cox,918-464-2096,999-999-9999
Welch Volunteer Fire Department,Craig,Michael Fitzpatrick,918-244-1719,999-999-9999
Weleetka Rural Fire Association,Okfuskee,Jimpsey Micco,405-208-9030,405-786-2273
Welling Fire Department,Cherokee,Martin Webb,918-456-7698,999-999-9999
Wellston Fire Department,Lincoln,Jeff Flanagan,405-356-0064,999-999-9999
Welty Volunteer Fire Department,Okfuskee,Donald York,918-623-1595,999-999-9999
West Bryan County Fire District,Bryan,Matt Green,580-920-1607,999-999-9999
West End Volunteer Fire Department,Latimer,David Dunlap,918-448-2600,999-999-9999
West Siloam Springs Fire Department,Delaware,Stan Shelly,479-524-8885,999-999-9999
West Tenkiller Protective Associtation,Sequoyah,Mike Estes,918-487-7170,918 487 9815
Westport Fire Department,Pawnee,Bob Sharp,918-243-7222,999-999-9999
Westville Volunteer Fire Department,Adair,John Hembree,918-930-0301,999-999-9999
Wetumka Fire Department,Hughes,Curtis Leftwich,405-452-3153,999-999-9999
Wewoka Fire Department,Seminole,Kevin Anderson,405-257-5421,999-999-9999
Wheeless/Mexhoma Firefighters Assoc,Cimarron,Will Tapp,580-426-2765,999-999-9999
Whitefield Volunteer Fire Department,Haskell,Rhonda Few,918-967-2960,999-999-9999
Whitehorn Fire Department,Wagoner,Steve Weeden,918-462-7544,999-999-9999
Whitesboro Fire Department,Le Flore,Rocky King,918-567-2776,999-999-9999
Wichita Mountain Estates Fire Dept,Comanche,Bob Martineau,580-529-2404,999-999-9999
Wilburton Fire Department,Latimer,David Donoley,918-465-5361,999-999-9999
Wilburton/Latimer Emergency Mgmt,Latimer,Gerald Downing,918-465-3582,999-999-9999
Willis Powell Fire Department,Marshall,Chris Bridenstine,580-564-2131,999-999-9999
Willow Volunteer Fire Department,Greer,Randy Patten,580-287-3283,999-999-9999
Wilson Community Vol Fire Department,Atoka,Darren Beasly,580-937-4007,999-999-9999
Wilson Fire Department,Carter,Steve Shepherd,580-668-2014,999-999-9999
Wilson Vol Fire Dept Assoc,Okmulgee,John Ritter,918-650-8648,999-999-9999
Wister Fire Department,Le Flore,Andy Ford,918-647-6247,999-999-9999
Wm S Key Corrections Fire & Safety,Woodward,Michael Pettey,580-766-2224,999-999-9999
Woodall Fire Department,Cherokee,Jason Fullen,918-931-9206,999-999-9999
Woodcrest Rural Fire Protection District,Logan,Bobby Anderson,405-396-8926,999-999-9999
Woodford Volunteer Fire Department,Carter,Jim South,580-561-2133,999-999-9999
Woodward Fire Department,Woodward,Steve Day,580-254-8538,999-999-9999
Wright City Municipal Fire Department,McCurtain,Berlin Heck,580-981-2100,999-999-9999
Wyandotte Fire Department,Ottawa,Jody Francisco,417-793-3078,999-999-9999
Wynnewood Fire Department,Garvin,Alan Mathews,405-665-2851,999-999-9999
Wynona Volunteer Fire Department,Osage,Rick Robinson,918-846-2298,999-999-9999
Yale Fire Department,Payne,Jeff Morphew,918-387-2191,999-999-9999
Yarbrough Fire Department,Texas,Jim Oswald,580-545-3369,999-999-9999
Yeager Vol Fire Department Association,Hughes,Barry Wood,405-379-5052,999-999-9999
Yuba Volunteer Fire Department,Bryan,Greg Hagood,580-283-3512,999-999-9999
Zena Volunteer Fire Department,Delaware,Dewayne Creason,918-786-8434,999-999-9999
Zink Fire Department Incorporated,Osage,Dustin Melton,918-241-2273,999-999-9999